video ID,uploader,age,category,length,views,rate,ratings,comments,related IDs
NQsx7x11cig,,,,,,,,,
Nhar79reBbQ,,,,,,,,,
YtlYriAEnXA,,,,,,,,,
q2vEFK72xUM,,,,,,,,,
NV5_3eMFPT8,,,,,,,,,
qt35LNzcMTc,,,,,,,,,
G4SF9LCNpFI,,,,,,,,,
dUbFHelEu74,,,,,,,,,
zTPSfCyrFjw,,,,,,,,,
p_cNfr7dff4,,,,,,,,,
ha0r_jgAEXE,,,,,,,,,
NVU1_V2v3g4,,,,,,,,,
nzZYPchcOvc,,,,,,,,,
z_SvxpeX6Vk,,,,,,,,,
Hr-48XYy9Ns,,,,,,,,,
6E1s0LDL-uM,,,,,,,,,
uFoWXi25RBk,,,,,,,,,
1P55ocPZ4lY,,,,,,,,,
S-W3DLyOlMY,,,,,,,,,
0yO1bxCdiaU,,,,,,,,,
kDMz1gscLe4,,,,,,,,,
qAUzbvl9lOM,,,,,,,,,
YFW5xomB5yA,,,,,,,,,
LVH1qDNC-V0,,,,,,,,,
itruklbz62c,,,,,,,,,
nHv7ZwgUbpU,,,,,,,,,
S-NBv179--s,,,,,,,,,
